Chart,1
Chart,3
Chart,5
Chart,7
Chart,13
Chart,21
Chart,25
Chart,26
Closure,11
Closure,13
Closure,19
Closure,21
Closure,22
Closure,25
Closure,31
Closure,35
Closure,38
Closure,45
Closure,46
Closure,62
Closure,63
Closure,64
Closure,66
Closure,83
Closure,86
Closure,102
Closure,107
Closure,115
Closure,125
Closure,126
Lang,7
Lang,10
Lang,22
Lang,24
Lang,33
Lang,39
Lang,43
Lang,44
Lang,45
Lang,51
Lang,58
Lang,59
Lang,63
Math,2
Math,5
Math,7
Math,8
Math,18
Math,20
Math,24
Math,28
Math,29
Math,40
Math,49
Math,50
Math,53
Math,62
Math,73
Math,75
Math,78
Math,80
Math,81
Math,82
Math,84
Math,85
Math,95
Time,7
Time,19
